Nama,,Ibukota,,,Kecamatan,Kelurahan,Desa,Luas,Penduduk,Pengentri,Keterangan,http://www.kemendagri.go.id/media/documents/2015/02/25/l/a/lampiran_i.pdf
Aceh,,,,,,,,,,,14-Jun,
 KABUPATEN ACEH SELATAN,,Tapak Tuan,,,18,,260,"3,841.60","226,570",ELBERT,,
 KABUPATEN ACEH TENGGARA,,Kutacane,,,16,,385,"4,231.43","218,007",ELBERT,,
 KABUPATEN ACEH TIMUR,,Idi Rayeuk,,,24,,513,"6,286.01","418,189",ELBERT,,
 KABUPATEN ACEH TENGAH,,Takengon,,,14,,295,"4,318.39","204,835",IDA,,
 KABUPATEN ACEH BARAT,,Meulaboh,,,12,,322,"2,927.95","186,008",IDA,,
 KABUPATEN ACEH BESAR,,Jantho,,,23,,604,"2,969.00","379,429",IDA,,
 KABUPATEN PIDIE,,Sigli,,,23,,727,"3,086.95","433,193",VIKTORY,,
 KABUPATEN ACEH UTARA,,Lhoksukon,,,27,,852,"3,236.86","565,999",VIKTORY,,
 KABUPATEN SIMEULUE,,Sinabang,,,10,,138,"2,051.48","87,558",ANNISA,,
 KABUPATEN ACEH SINGKIL,,Singkil,,,11,,116,"2,185.00","126,833",ANNISA,,
 KABUPATEN BIREUEN,,Bireun,,,17,,609,"1,901.20","426,505",ANNISA,,
 KABUPATEN ACEH BARAT DAYA,,Blangpidie,,,9,,132,"1,490.60","146,453",ANNISA,,
 KABUPATEN GAYO LUES,,Blangkejeren,,,11,,136,"5,719.58","93,136",EKO,,
 KABUPATEN ACEH JAYA,,Calang,,,9,,172,"3,812.99","82,981",EKO,,
 KABUPATEN NAGAN RAYA,,Suka Makmue,,,10,,222,"3,363.72","165,269",EKO,,
 KABUPATEN ACEH TAMIANG,,Karang Baru,,,12,,213,"1,956.72","281,756",EKO,,
 KABUPATEN BENER MERIAH,,Simpang Tiga Rede,,,10,,232,"1,454.09","152,059",EKO,,
 KABUPATEN PIDIE JAYA,,Meureundu,,,8,,222,"1,073.60","153,313",DITA,,
 KOTA BANDA ACEH,,Banda Aceh,,,9,,90,61.36,"235,305",DITA,,
 KOTA SABANG,,Sabang,,,2,,18,153,"38,077",DITA,,
 KOTA LHOKSEUMAWE,,Lhokseumawe,,,4,,68,181.06,"188,221",DITA,,
 KOTA LANGSA,,Langsa,,,5,,66,262.41,"178,334",DITA,,
 KOTA SUBULUSSALAM,,Subulussalam,,,5,,82,"1,391.00","78,801",DITA,,
,,,,,,,,,,,,
Sumatera Utara,,,,,,,,,,,,
 KABUPATEN TAPANULI TENGAH,,Sibolga,,,20,56,159,,,DITA,,
 KABUPATEN TAPANULI UTARA,,Tarutung,,,15,11,241,,,DITA,,
 KABUPATEN TAPANULI SELATAN,,Padang Sidempuan,,,14,37,215,,,,,
 KABUPATEN NIAS,,Gunung Sitoli,,,10,,170,,,,,
 KABUPATEN LANGKAT,,Stabat,,,23,37,240,,,,,
 KABUPATEN KARO,,Kabanjahe,,,17,10,255,,,,,
 KABUPATEN DELI SERDANG,,Lubuk Pakam,,,22,14,380,,,,,
 KABUPATEN SIMALUNGUN,,Pematang Siantar,,,31,27,386,,,,,
 KABUPATEN ASAHAN,,Kisaran,,,25,27,177,,,,,
 KABUPATEN LABUHANBATU,,Rantau Prapat,,,9,23,75,,,,,
 KABUPATEN DAIRI,,Sidikalang,,,15,8,134,,,,,
 KABUPATEN TOBA SAMOSIR,,Balige,,,16,13,230,,,,,
 KABUPATEN MANDAILING NATAL,,Panyabungan,,,23,27,377,,,,,
 KABUPATEN NIAS SELATAN,,Teluk Dalam,,,31,2,459,,,,,
 KABUPATEN PAKPAK BHARAT,,Salak,,,8,,52,,,ILHAM,,
 KABUPATEN HUMBANG HASUNDUTAN,,Dolok Sanggul,,,10,1,153,"2,335.33","191,856",ILHAM,,
 KABUPATEN SAMOSIR,,Pangururan,,,9,6,128,"2,069.05","141,780",ILHAM,,
 KABUPATEN SERDANG BEDAGAI,,Sei Rampah,,,17,6,237,"1,900.22","635,362",ILHAM (Pantai Cermin-Sipispis) / EKO2 (Dolok Merangin-Bintang Byau),,
 KABUPATEN BATU BARA,,Lima Puluh,,,7,10,141,922.2,"346,764",EKO2,,
 KABUPATEN PADANG LAWAS UTARA,,Gunung Tua,,,9,1,387,"3,918.05","263,062",EKO2,,
 KABUPATEN PADANG LAWAS,,Sibuhuan,,,12,1,303,"3,892.74","254,070",ELBERT,,
 KABUPATEN LABUHANBATU SELATAN,,Kotapinang,,,5,2,52,"3,596.00","314,856",ELBERT,,
 KABUPATEN LABUHANBATU UTARA,,Aek Kanopan,,,8,8,82,"3,570.98","384,982",ELBERT,,
 KABUPATEN NIAS UTARA,,Lotu,,,11,1,112,"1,202.78","144,011",ELBERT,,
 KABUPATEN NIAS BARAT,,Lahomi,,,8,,105,473.73,"90,395",ELBERT,,
 KOTA MEDAN,,Medan,,,21,151,,265,"2,465,469",ELBERT,,
 KOTA PEMATANG SIANTAR,,Pematang Siantar,,,8,53,,55.66,"278,055",EKO,,
 KOTA SIBOLGA,,Sibolga,,,4,17,,41.31,"94,971",EKO,,
 KOTA TANJUNG BALAI,,Tanjung Balai,,,6,31,,107.83,"165,763",EKO,,
 KOTA BINJAI,,Binjai,,,5,37,,59.19,"269,053",EKO,,
 KOTA TEBING TINGGI,,Kota Tebing Tinggi,,,5,35,,31,"169,786",EKO,,
 KOTA PADANGSIDIMPUAN,,Padang Sidempuan,,,6,37,42,114.66,"225,544",EKO,,
 KOTA GUNUNGSITOLI,,Gunungsitoli,,,6,3,98,280.78,"137,104",EKO,,
,,,,,,,,,,,,
Sumatera Barat,,,,,,,,,,,,
 KABUPATEN PESISIR SELATAN,,Painan,,,15,,182,"5,749.89","513,192",EKO,,
 KABUPATEN SOLOK,,Arosuka,,,14,,74,"3,738.00","371,344",EKO,,
 KABUPATEN SIJUNJUNG,,Muaro Sijunjung,,,8,,61,"3,130.40","230,089",EKO,,
 KABUPATEN TANAH DATAR,,Batusangkar,,,14,,75,"1,336.10","361,910",EKO,,
 KABUPATEN PADANG PARIAMAN,,Nagari Parit Malinta,,,17,,60,"1,332.51","457,861",EKO,,
 KABUPATEN AGAM,,Lubuk Basung,,,16,,82,"1,804.30","518,695",EKO,,
 KABUPATEN LIMA PULUH KOTA,,Sarilamak,,,13,,79,"3,571.14","365,920",IDA,,
 KABUPATEN PASAMAN,,Lubuk Sikaping,,,12,,32,"3,947.63","311,984",IDA,,
 KABUPATEN KEPULAUAN MENTAWAI,,Tuapejat,,,10,,43,"6,011.35","80,521",IDA,,
 KABUPATEN DHARMASRAYA,,Pulau Punjung,,,11,,52,"2,961.13","201,328",IDA,,
 KABUPATEN SOLOK SELATAN,,Padang Aro,,,7,,39,"3,346.20","174,479",IDA,,
 KABUPATEN PASAMAN BARAT,,Simpang Empat,,,11,,19,"3,887.77","424,559",IDA,,
 KOTA PADANG,,Kototangah,,,11,104,,693.66,"872,271",IDA,,
 KOTA SOLOK,,Solok,,,2,13,,71.29,"63,672",IDA,,
 KOTA SAWAHLUNTO,,Sawahlunto,,,4,10,27,231.93,"61,427",IDA,,
 KOTA PADANG PANJANG,,Padang Panjang,,,2,16,,23,"50,317",IDA,,
 KOTA BUKITTINGGI,,Bukittinggi,,,3,24,,25.24,"113,326",IDA,,
 KOTA PAYAKUMBUH,,Payakumbuh,,,5,76,,85.22,"125,608",IDA,,
 KOTA PARIAMAN,,Pariaman,,,4,16,55,66.13,"85,485",IDA,,
,,,,,,,,,,,,
Riau,,,,,,,,,,,,
 KABUPATEN KAMPAR,,Bangkinang,,,21,8,242,"10,983.47","722,328",ELBERT,,
 KABUPATEN INDRAGIRI HULU,,Rengat,,,14,16,178,"7,723.80","416,313",ELBERT,,
 KABUPATEN BENGKALIS,,Bengkalis,,,8,19,136,"6,975.41","522,125",ELBERT,,
 KABUPATEN INDRAGIRI HILIR,,Tembilahan,,,20,39,198,"12,614.78","610,067",ELBERT,,
 KABUPATEN PELALAWAN,,Pangkalan Kerinci,,,12,14,104,"12,758.45","360,571",EKO,,
 KABUPATEN ROKAN HULU,,Pasir Pengarairan,,,16,6,139,"7,588.13","557,368",EKO,,
 KABUPATEN ROKAN HILIR,,Bagansiapiapi,,,15,25,159,"8,881.59","625,642",EKO,,
 KABUPATEN SIAK,,Siak Sriindrapura,,,14,9,122,"8,275.18","407,093",EKO,,
 KABUPATEN KUANTAN SINGINGI,,Teluk Kuantan,,,15,11,218,"5,259.36","322,843",EKO,,
 KABUPATEN KEPULAUAN MERANTI,,Tebing Tinggi,,,9,5,96,"3,707.84","203,703",EKO,,
 KOTA PEKANBARU,,Pekanbaru,,,12,58,,632.27,"855,221",IDA,,
 KOTA DUMAI,,Dumai,,,7,33,,"1,623.38","264,084",IDA,,
,,,,,,,,,,,,
Jambi,,,,,,,,,,,,
 KABUPATEN KERINCI,,Siulak,,,16,2,285,"3,355.27","231,819",IDA,,
 KABUPATEN MERANGIN,,Bangko,,,24,10,205,"7,679.00","329,077",IDA,,
 KABUPATEN SAROLANGUN,,Sarolangun,,,10,9,149,"6,184.00","309,621",IDA,,
 KABUPATEN BATANGHARI,,Muara Bulian,,,8,14,109,"5,804.00","305,114",IDA,,
 KABUPATEN MUARO JAMBI,,Sengeti,,,11,5,150,"5,326.00","352,497",IDA,,
 KABUPATEN TANJUNG JABUNG BARAT,,Kuala Tungkal,,,13,20,114,"4,649.85","317,604",IDA,,
 KABUPATEN TANJUNG JABUNG TIMUR,,Muara Sabak,,,11,20,73,"5,445.00","219,632",VIKTORY,,
 KABUPATEN BUNGO,,Muara Bungo,,,17,12,141,"4,659.00","313,748",VIKTORY,,
 KABUPATEN TEBO,,Muara Tebo,,,12,5,107,"6,461.00","323,554",VIKTORY,,
 KOTA JAMBI,,Jambi,,,8,62,,103.54,"602,187",VIKTORY,,
 KOTA SUNGAI PENUH,,Sungai Penuh,,,8,4,65,391.5,"101,325",VIKTORY,,
,,,,,,,,,,,,
Sumatera Selatan,,,,,,,,,,,,
 KABUPATEN OGAN KOMERING ULU,,Baturaja,,,12,14,143,"4,797.06","351,380",VIKTORY,,
 KABUPATEN OGAN KOMERING ILIR,,Kayu Agung,,,18,13,314,"18,359.04","715,345",VIKTORY,,
 KABUPATEN MUARA ENIM,,Muara Enim,,,20,10,245,"7,383.90","557,758",VIKTORY,,
 KABUPATEN LAHAT,,Lahat,,,22,18,360,"5,311.74","418,845",EKO,,
 KABUPATEN MUSI RAWAS,,Lubuk Linggau,,,14,13,186,"6,350.10","397,767",EKO,,
 KABUPATEN MUSI BANYUASIN,,Sekayu,,,14,13,227,"14,266.26","600,059",EKO,,
 KABUPATEN BANYUASIN,,Pangkalan Balai,,,19,16,288,"11,832.99","797,471",EKO,,
 KABUPATEN OGAN KOMERING ULU TIMU,,Martapura,,,20,7,305,"3,370.00","623,048",EKO,,
 KABUPATEN OGAN KOMERING ULU SELAT,,Muaradua,,,19,7,252,"5,493.94","405,714",VIKTORY,,
 KABUPATEN OGAN ILIR,,Indralaya,,,16,14,224,"2,666.09","428,148",VIKTORY,,
 KABUPATEN EMPAT LAWANG,,Tebing Tinggi,,,10,3,153,"2,256.44","322,184",VIKTORY,,
 KABUPATEN PENUKAL ABAB LEMATANG I,,Talang Ubi,,,5,6,65,"1,840.00","161,952",VIKTORY,,
 KABUPATEN MUSI RAWAS UTARA,,Rupit,,,7,7,82,"6,008.55","182,807",VIKTORY,,
 KOTA PALEMBANG,,Pelembang,,,16,107,,369.22,"1,548,064",VIKTORY,,
 KOTA PAGAR ALAM,,Pagar Alam,,,5,35,,633.66,"136,244",VIKTORY,,
 KOTA LUBUK LINGGAU,,Lubuk Linggau,,,8,72,,401.5,"208,225",VIKTORY,,
 KOTA PRABUMULIH,,Prabumulih,,,6,22,15,251.94,"188,082",VIKTORY,,
,,,,,,,,,,,,
Bengkulu,,,,,,,,,,,,
 KABUPATEN BENGKULU SELATAN,,Manna,,,11,16,142,"1,186.10","161,737",ELBERT,,
 KABUPATEN REJANG LEBONG,,Curup,,,15,34,122,"1,639.98","268,569",ELBERT,,
 KABUPATEN BENGKULU UTARA,,Arga Makmur,,,17,5,215,"4,324.60","274,031",ELBERT,,
 KABUPATEN KAUR,,Bintuhan,,,15,3,192,"2,369.05","123,236",ELBERT,,
 KABUPATEN SELUMA,,Tais,,,14,20,182,"2,400.44","204,790",ELBERT,,
 KABUPATEN MUKO MUKO,,Mukomuko,,,15,3,148,"4,036.70","169,458",IDA,,
 KABUPATEN LEBONG,,Tubei,,,12,11,93,"1,921.82","110,380",IDA,,
 KABUPATEN KEPAHIANG,,Kepahiang,,,8,12,105,665,"144,418",IDA,,
 KABUPATEN BENGKULU TENGAH,,Karang Tinggi,,,10,1,142,"1,223.94","106,761",IDA,,
 KOTA BENGKULU,,Bengkulu,,,9,67,,151.7,"360,495",IDA,,
,,,,,,,,,,,,
Lampung,,,,,,,,,,,,
 KABUPATEN LAMPUNG SELATAN,,Kalianda,,,17,4,256,700.32,"1,259,289",IDA,,
 KABUPATEN LAMPUNG TENGAH,,Gunung Sugih,,,28,10,301,"3,802.68","1,448,848",IDA,,
 KABUPATEN LAMPUNG UTARA,,Kotabumi,,,23,15,232,"2,725.87","878,263",DITA,,
 KABUPATEN LAMPUNG BARAT,,Liwa,,,15,5,131,"2,142.78","294,636",DITA,,
 KABUPATEN TULANG BAWANG,,Menggala,,,15,4,147,"3,466.32","415,309",DITA,,
 KABUPATEN TANGGAMUS,,Kota Agung,,,20,3,299,"3,020.64","634,643",DITA,,
 KABUPATEN LAMPUNG TIMUR,,Sukadana,,,24,,264,"5,325.03","1,105,225",VIKTORY/DITA,Viktory sampai 3 kecamatan teratas,
 KABUPATEN WAY KANAN,,Blambangan Umpu,,,14,6,221,"3,921.63","472,483",DITA,,
 KABUPATEN PESAWARAN,,Gedong Tataan,,,9,,144,"2,243.51","542,984",DITA,,
 KABUPATEN PRINGSEWU,,Pringsewu,,,9,5,126,625,"453,212",DITA,,
 KABUPATEN MESUJI,,Mesuji,,,7,,105,"2,184.00","302,524",DITA,,
 KABUPATEN TULANG BAWANG BARAT,,Tulang Bawang Ten,,,8,3,93,"1,201.00","251,039",DITA,,
 KABUPATEN PESISIR BARAT,,Krui,,,11,2,116,"2,907.23","156,216",EKO,,
 KOTA BANDAR LAMPUNG,,Bandar Lampung,,,20,126,,296,"1,166,761",EKO,,
 KOTA METRO,,Metro,,,5,22,,61.79,"161,799",EKO,,
,,,,,,,,,,,,
Kepulauan Bangka Belitung,,,,,,,,,,,,
 KABUPATEN BANGKA,,Sungai Liat,,,8,15,62,"2,950.68","304,944",EKO,,
 KABUPATEN BELITUNG,,Tanjung Pandan,,,5,7,42,"2,293.61","152,250",EKO,,
 KABUPATEN BANGKA SELATAN,,Toboali,,,8,3,50,"3,607.08","163,407",EKO,,
 KABUPATEN BANGKA TENGAH,,Koba,,,6,7,56,"2,155.77","165,021",EKO,,
. KABUPATEN BANGKA BARAT,,Mentok,,,6,4,60,"2,820.61","179,711",EKO,,
. KABUPATEN BELITUNG TIMUR,,Manggar,,,7,,39,"2,506.91","109,564",EKO,,
. KOTA PANGKAL PINANG,,Pangkal Pinang,,,7,42,,89.4,"202,959",EKO,,
,,,,,,,,,,,,
Kepulauan Riau,,,,,,,,,,,,
. KABUPATEN BINTAN,,Bandar Seri Bentan,,,10,15,36,"1,318","140,169",ELBERT,,
 KABUPATEN KARIMUN,,Tj. Balai Karimun,,,12,29,42,912.75,"237,002",ELBERT,,
 KABUPATEN NATUNA,,Ranai,,,12,6,70,"2,009.04","71,448",ELBERT,,
 KABUPATEN LINGGA,,Daik Lingga,,,9,7,75,"2,266.77","87,463",ELBERT,,
 KABUPATEN KEPULAUAN ANAMBAS,,Tarempa,,,7,2,52,590.14,"41,188",ELBERT,,
 KOTA BATAM,,Batam,,,12,64,,960.25,"1,029,808",ELBERT,,
 KOTA TANJUNG PINANG,,Tanjung Pinang,,,4,18,,144.56,"203,008",ELBERT,,
DKI JAKARTA,,,,,,,,,,,,
 KABUPATEN administrasi kepulauan SERIBU,,P. Seribu,,,2,6,,10.18,"25,366",ELBERT,,
 KOTA administrasi JAKARTA PUSAT,,Tanah Abang,,,8,44,,52.38,"1,114,581",ELBERT,,
 KOTA administrasi JAKARTA UTARA,,Tanjung Priok,,,6,31,,139.99,"1,647,853",ELBERT,,
 KOTA administrasi JAKARTA BARAT,,Grogol Petamburan,,,8,56,,124.44,"2,234,397",ELBERT,,
 KOTA administrasi JAKARTA SELATAN,,Kebayoran Baru,,,10,65,,154.32,"2,113,411",ELBERT,,
 KOTA administrasi JAKARTA TIMUR,,Cakung,,,10,65,,182.7,"2,852,887",ELBERT,,
,,,,,,,,,,,,
JAWA BARAT,,,,,,,,,,,,
 KABUPATEN BOGOR,,Cibinong,,,40,17,417,"2,710.62","3,766,199",,,
 KABUPATEN SUKABUMI,,Sukabumi,,,47,5,381,"4,145.70","2,436,729",,,
 KABUPATEN CIANJUR,,Cianjur,,,32,6,353,"3,840.16","2,214,326",,,
 KABUPATEN BANDUNG,,Soreang,,,31,10,270,"1,767.96","3,490,691",EKO,,
 KABUPATEN GARUT,,Garut,,,42,21,421,"3,074.07","2,184,025",EKO,,
 KABUPATEN TASIKMALAYA,,Singaparna,,,39,,351,"2,551.19","1,640,647",EKO,,
 KABUPATEN CIAMIS,,Ciamis,,,26,7,258,"1,414.71","1,200,924",EKO,,
 KABUPATEN KUNINGAN,,Kuningan,,,32,15,361,"1,110.56","1,112,465",ELBERT,,
 KABUPATEN CIREBON,,Sumber,,,40,12,412,984.52,"2,054,614",ELBERT,,
 KABUPATEN MAJALENGKA,,Majalengka,,,26,13,330,"1,204.24","1,238,760",ELBERT,,
 KABUPATEN SUMEDANG,,Sumedang,,,26,7,276,"1,518.33","1,100,576",ELBERT,,
 KABUPATEN INDRAMAYU,,Indramayu,,,31,8,309,"2,040.11","1,830,607",IDA,,
 KABUPATEN SUBANG,,Subang,,,30,8,244,"1,893.95","1,538,100",IDA,,
 KABUPATEN PURWAKARTA,,Purwakarta,,,17,9,183,825.74,"845,689",IDA,,
 KABUPATEN KARAWANG,,Karawang,,,30,12,297,"1,652.20","1,898,273",IDA,,
 KABUPATEN BEKASI,,Cikarang,,,23,5,182,"1,224.88","2,482,751",,,
 KABUPATEN BANDUNG BARAT,,Ngamprah,,,16,,165,"1,305.77","1,549,548",,,
 KABUPATEN PANGANDARAN,,Parigi,,,10,,93,"1,010.00","395,725",,,
 KOTA BOGOR,,Bogor,,,6,68,,118.5,"982,469",DITA,,
 KOTA SUKABUMI,,Sukabumi,,,7,33,,48.25,"320,970",DITA,,
 KOTA BANDUNG,,Bandung,,,30,151,,167.67,"2,339,463",DITA,,
 KOTA CIREBON,,Cirebon,,,5,22,,37.36,"316,126",DITA,,
 KOTA BEKASI,,Bekasi,,,12,56,,206.61,"2,381,053",DITA,,
 KOTA DEPOK,,Depok,,,11,63,,200.29,"1,631,951",DITA,,
 KOTA CIMAHI,,Cimahi,,,3,15,,39.27,"513,176",DITA,,
 KOTA TASIKMALAYA,,Tasikmalaya,,,10,69,,171.61,"678,027",DITA,,
 KOTA BANJAR,,Banjar,,,4,9,16,113.49,"188,486",DITA,,
,,,,,,,,,,,,
Jawa Tengah,,,,,,,,,,,,
 KABUPATEN CILACAP,,Cilacap,,,24,15,269,"2,124.47","1,799,761",,,
 KABUPATEN BANYUMAS,,Purwokerto,,,27,30,301,"1,335.30","1,707,474",,,
 KABUPATEN PURBALINGGA,,Purbalingga,,,18,15,224,677.55,"929,393",,,
 KABUPATEN BANJARNEGARA,,Banjarnegara,,,20,12,266,"1,023.73","983,682",,,
 KABUPATEN KEBUMEN,,Kebumen,,,26,11,449,"1,211.74","1,343,218",,,
 KABUPATEN PURWOREJO,,Purworejo,,,16,25,469,"1,091.49","745,479",DITA,,
 KABUPATEN WONOSOBO,,Wonosobo,,,15,29,236,981.41,"845,760",DITA,,
 KABUPATEN MAGELANG,,Mungkid,,,21,5,367,"1,102.93","1,261,661",DITA,,
 KABUPATEN BOYOLALI,,Boyolali,,,19,6,261,"1,008.45","972,794",DITA,,
 KABUPATEN KLATEN,,Klaten,,,26,10,391,658.22,"1,273,881",DITA,,
 KABUPATEN SUKOHARJO,,Sukoharjo,,,12,17,150,489.12,"885,200",DITA,,
 KABUPATEN WONOGIRI,,Wonogiri,,,25,43,251,"1,793.67","1,041,557",DITA,,
 KABUPATEN KARANGANYAR,,Karanganyar,,,17,15,162,775.44,"861,240",DITA,,
 KABUPATEN SRAGEN,,Sragen,,,20,12,196,941.54,"958,606",DITA,,
 KABUPATEN GROBOGAN,,Purwodadi,,,19,7,273,"2,013.86","1,411,662",DITA,,
 KABUPATEN BLORA,,Blora,,,16,24,271,"1,804.59","868,524",DITA,,
 KABUPATEN REMBANG,,Rembang,,,14,7,287,887.13,"612,334",DITA,,
 KABUPATEN PATI,,Pati,,,21,5,401,"1,489.19","1,259,732",DITA,,
 KABUPATEN KUDUS,,Kudus,,,9,9,123,425.15,"801,768",,,
 KABUPATEN JEPARA,,Jepara,,,16,11,184,"1,059.25","1,141,236",,,
 KABUPATEN DEMAK,,Demak,,,14,6,243,900.12,"1,099,078",,,
 KABUPATEN SEMARANG,,Ungaran,,,19,27,208,950.21,"988,708",,,
 KABUPATEN TEMANGGUNG,,Temanggung,,,20,23,266,837.71,"754,141",,,
 KABUPATEN KENDAL,,Kendal,,,20,20,266,"1,118.13","951,465",,,
 KABUPATEN BATANG,,Batang,,,15,9,239,788.65,"762,278",,,
 KABUPATEN PEKALONGAN,,Kajen,,,19,13,272,837,"911,277",,,
 KABUPATEN PEMALANG,,Pemalang,,,14,11,211,"1,118.03","1,457,090",,,
 KABUPATEN TEGAL,,Slawi,,,18,6,281,876.1,"1,385,254",,,
 KABUPATEN BREBES,,Brebes,,,17,5,292,"1,902.37","1,835,627",,,
 KOTA MAGELANG,,Magelang,,,3,17,,16.06,"124,912",,,
 KOTA SURAKARTA,,Surakarta,,,5,51,,46.01,"552,118",,,
 KOTA SALATIGA,,Salatiga,,,4,23,,57.36,"175,288",,,
 KOTA SEMARANG,,Semarang,,,16,177,,373.78,"1,621,384",,,
 KOTA PEKALONGAN,,Pekalongan,,,4,27,,45.25,"298,386",,,
 KOTA TEGAL,,Tegal,,,4,27,,39.68,"275,789",,,
,,,,,,,,,,,,
Daerah Istimewa Yogyakarta,,,,,,,,,,,,
 KABUPATEN KULON PROGO,,Wates,,,12,1,87,586.28,"409,568",DITA,,
 KABUPATEN BANTUL,,Bantul,,,17,,75,508.13,"912,937",DITA,,
 KABUPATEN GUNUNG KIDUL,,Wonosari,,,18,,144,"1,431.42","749,155",DITA,,
 KABUPATEN SLEMAN,,Sleman,,,17,,86,574.82,"1,062,801",DITA,,
 KOTA YOGYAKARTA,,Yogyakarta,,,14,45,,32.5,"407,617",DITA,,
,,,,,,,,,,,,
Jawa Timur,,,,,,,,,,,,
Kabupaten Bangkalan,,Bangkalan,,,,,,,,,,
Kabupaten Banyuwangi,,Banyuwangi,,,,,,,,,,
Kabupaten Blitar,,Kanigoro,,,,,,,,,,
Kabupaten Bojonegoro,,Bojonegoro,,,,,,,,,,
Kabupaten Bondowoso,,Bondowoso,,,,,,,,,,
Kabupaten Gresik,,Gresik,,,,,,,,,,
Kabupaten Jember,,Jember,,,,,,,,,,
Kabupaten Jombang,,Jombang,,,,,,,,,,
Kabupaten Kediri,,Kediri,,,,,,,,,,
Kabupaten Lamongan,,Lamongan,,,,,,,,,,
Kabupaten Lumajang,,Lumajang,,,,,,,,,,
Kabupaten Madiun,,Caruban,,,,,,,,,,
Kabupaten Magetan,,Magetan,,,,,,,,,,
Kabupaten Malang,,Kepanjen,,,,,,,,,,
Kabupaten Mojokerto,,Mojokerto,,,,,,,,,,
Kabupaten Nganjuk,,Nganjuk,,,,,,,,,,
Kabupaten Ngawi,,Ngawi,,,,,,,,,,
Kabupaten Pacitan,,Pacitan,,,,,,,,,,
Kabupaten Pamekasan,,Pemekasan,,,,,,,,,,
Kabupaten Pasuruan,,Pasuruan,,,,,,,,,,
Kabupaten Ponorogo,,Ponorogo,,,,,,,,,,
Kabupaten Probolinggo,,Kraksaan,,,,,,,,,,
Kabupaten Sampang,,Sampang,,,,,,,,,,
Kabupaten Sidoarjo,,Sidoarjo,,,,,,,,,,
Kabupaten Situbondo,,Situbondo,,,,,,,,,,
Kabupaten Sumenep,,Sumenep,,,,,,,,,,
Kabupaten Trenggalek,,Trenggalek,,,,,,,,,,
Kabupaten Tuban,,Tuban,,,,,,,,,,
Kabupaten Tulungagung,,Tulungagung,,,,,,,,,,
,,,,,,,,,,,,
Kota Kediri,,Kediri,,,,,,,,,,
Kota Madiun,,Madiun,,,,,,,,,,
Kota Malang,,Malang,,,,,,,,,,
Kota Surabaya,,Surabaya,,,,,,,,,,
Kota Mojokerto,,Mojokerto,,,,,,,,,,
Kota Pasuruan,,Pasuruan,,,,,,,,,,
Kota Probolinggo,,Probolinggo,,,,,,,,,,
Kota Blitar,,Blitar,,,,,,,,,,
Kota Batu,,Batu,,,,,,,,,,
,,,,,,,,,,,,
Banten,,,,,,,,,,,,
 KABUPATEN PANDEGLANG,,Pandeglang,,,35,13,326,2747,"1,139,061",,,
 KABUPATEN LEBAK,,Rangkas Bitung,,,28,5,340,3427,"1,133,671",,,
 KABUPATEN TANGERANG,,Tigaraksa,,,29,28,246,1012,"2,518,830",,,
 KABUPATEN SERANG,,Ciruas,,,29,,326,1734,"1,401,036",,,
 KOTA TANGERANG,,Tangerang,,,13,104,,154,"1,566,190",,,
 KOTA CILEGON,,Cilegon,,,8,43,,176,"387,543",,,
 KOTA SERANG,,Serang,,,6,66,,267,"613,356",,,
 KOTA TANGERANG SELATAN,,Ciputat,,,7,54,,147,"1,219,245",,,
,,,,,,,,,,,,
Bali,,,,,,,,,,,,
 KABUPATEN JEMBRANA,,Negara,,,5,10,41,842,"310,596",,,
 KABUPATEN TABANAN,,Tabanan,,,10,,133,1014,"457,765",,,
 KABUPATEN BADUNG,,Mangupura,,,6,16,46,419,"461,062",,,
 KABUPATEN GIANYAR,,Gianyar,,,7,6,64,368,"485,377",,,
 KABUPATEN KLUNGKUNG,,Semarapura,,,4,6,53,315,"211,862",,,
 KABUPATEN BANGLI,,Bangli,,,4,4,68,491,"261,240",,,
 KABUPATEN KARANGASEM,,Amlapura,,,8,3,75,840,"539,314",,,
 KABUPATEN BULELENG,,Singaraja,,,9,19,129,1365,"805,883",,,
 KOTA DENPASAR,,Denpasar,,,4,16,27,128,"632,016",,,
,,,,,,,,,,,,
Nusa Tenggara Barat,,,,,,,,,,,,
 KABUPATEN LOMBOK BARAT,,Mataram,,,10,3,119,896.56,"708,236",DIMAS,,
 KABUPATEN LOMBOK TENGAH,,Praya,,,12,12,127,"1,095.03","1,027,534",DIMAS,,
 KABUPATEN LOMBOK TIMUR,,Selong,,,20,15,239,"1,230.76","1,279,949",DIMAS,,
 KABUPATEN SUMBAWA,,Sumbawa Besar,,,24,8,157,"6,643.98","503,978",DIMAS,,
 KABUPATEN DOMPU,,Dompu,,,8,9,72,"2,391.54","211,051",DIMAS,,
 KABUPATEN BIMA,,Woha,,,18,,191,"3,405.63","519,078",DIMAS,,
 KABUPATEN SUMBAWA BARAT,,Taliwang,,,8,7,57,"1,849.02","132,130",DIMAS,,
 KABUPATEN LOMBOK UTARA,,Tanjung,,,5,,33,776.25,"228,092",ELBERT,,
 KOTA MATARAM,,Mataram,,,6,50,,61.3,"408,900",ELBERT,,
 KOTA BIMA,,Bima,,,5,38,,222.25,"136,492",ELBERT,,
,,,,,,,,,,,,
Nusa Tenggara Timur,,,,,,,,,,,,
 KABUPATEN KUPANG,,Kupang,,,24,17,159,"5,434.76","395,009",EKO,,
 KAB TIMOR TENGAH SELATAN,,Soe,,,32,12,266,"3,947.00","459,959",EKO,,
 KABUPATEN TIMOR TENGAH UTARA,,Kafemananu,,,24,33,160,"2,669.70","247,812",EKO,,
 KABUPATEN BELU,,Atambua,,,12,12,69,"1,284.97","218,880",EKO,,
 KABUPATEN ALOR,,Kalabahi,,,17,17,158,"2,864.60","207,283",EKO,,
 KABUPATEN FLORES TIMUR,,Larantuka,,,19,21,229,"1,813.20","276,839",EKO,,
 KABUPATEN SIKKA,,Maumere,,,21,13,147,"1,731.90","311,568",EKO,,
 KABUPATEN ENDE,,Ende,,,21,23,255,"2,046.50","264,618",EKO,,
 KABUPATEN NGADA,,Bajawa,,,12,16,135,"1,645.88","162,721",EKO,,
 KABUPATEN MANGGARAI,,Ruteng,,,11,17,145,"2,096.44","315,530",IDA,,
 KABUPATEN SUMBA TIMUR,,Waingapu,,,22,16,140,"7,000.50","232,951",IDA,,
 KABUPATEN SUMBA BARAT,,Waikabubak,,,6,11,63,"2,183.18","141,698",IDA,,
 KABUPATEN LEMBATA,,Lewoleba,,,9,7,144,"1,266.00","131,083",IDA,,
 KABUPATEN ROTE NDAO,,Baa,,,10,7,82,"1,280.00","138,557",IDA,,
 KABUPATEN MANGGARAI BARAT,,Labuan Bajo,,,10,5,164,"2,397.03","253,319",IDA,,
 KABUPATEN NAGEKEO,,Mbay,,,7,16,97,"1,416.96","156,559",IDA,,
 KABUPATEN SUMBA TENGAH,,Waibakul,,,5,,65,"1,868.74","82,158",IDA,,
 KABUPATEN SUMBA BARAT DAYA,,Tambolaka,,,11,2,129,"1,480.46","300,671",IDA,,
 KABUPATEN MANGGARAI TIMUR,,Borong,,,9,17,159,"2,642.93","249,218",IDA,,
 KABUPATEN SABU RAIJUA,,Sabu Barat,,,6,5,57,460.54,"91,194",IDA,,
 KABUPATEN MALAKA,,Malaka Tengah,,,12,,127,"1,160.63","186,998",IDA,,
 KOTA KUPANG,,Kupang,,,6,51,,26.18,"433,970",IDA,,
,,,,,,,,,,,,
Kalimantan Barat,,,,,,,,,,,,
 KABUPATEN SAMBAS,,Sambas,,,19,,193,6717,"626,554",,,
 KABUPATEN MEMPAWAH,,Mempawah,,,9,7,60,2798,"298,284",,,
 KABUPATEN SANGGAU,,Sanggau,,,15,6,163,12858,"477,430",,,
 KABUPATEN KETAPANG,,Ketapang,,,20,9,240,31241,"573,607",,,
 KABUPATEN SINTANG,,Sintang,,,14,6,281,21638,"398,283",,,
 KABUPATEN KAPUAS HULU,,Putussibau,,,23,4,278,29842,"234,029",,,
 KABUPATEN BENGKAYANG,,Bengkayang,,,17,2,122,5075,"280,168",,,
 KABUPATEN LANDAK,,Ngabang,,,13,,156,8915,"391,767",,,
 KABUPATEN SEKADAU,,Sekadau,,,7,,87,5444,"205,812",,,
 KABUPATEN MELAWI,,Nanga Pinoh,,,11,,169,10641,"226,140",,,
 KABUPATEN KAYONG UTARA,,Sukadane,,,6,,43,4568,"120,358",,,
 KABUPATEN KUBU RAYA,,Sungai Raya,,,9,,116,6958,"596,421",,,
 KOTA PONTIANAK,,Pontianak,,,6,29,,108,"651,139",,,
 KOTA SINGKAWANG,,Singkawang,,,5,26,,504,"230,216",,,
,,,,,,,,,,,,
Kalimantan Tengah,,,,,,,,,,,,
 KABUPATEN KOTAWARINGIN BARAT,,Pangkalan Bun,,,6,13,81,10759,"241,038",,,
 KABUPATEN KOTAWARINGIN TIMUR,,Sampit,,,17,17,168,16796,"403,466",,,
 KABUPATEN KAPUAS,,Kuala Kapuas,,,17,17,214,14999,"405,453",,,
 KABUPATEN BARITO SELATAN,,Buntok,,,6,7,86,8830,"121,557",,,
 KABUPATEN BARITO UTARA,,Muara Teweh,,,9,10,93,8300,"150,121",,,
 KABUPATEN KATINGAN,,Kasongan,,,13,7,154,17500,"144,262",,,
 KABUPATEN SERUYAN,,Kuala Pembuang,,,10,3,97,16404,"141,334",,,
 KABUPATEN SUKAMARA,,Sukamara,,,5,3,29,3827,"50,257",,,
 KABUPATEN LAMANDAU,,Nanga Bulik,,,8,3,85,6414,"70,003",,,
 KABUPATEN GUNUNG MAS,,Kuala Kurun,,,12,12,115,10805,"135,872",,,
 KABUPATEN PULANG PISAU,,Pulang Pisau,,,8,4,95,8997,"122,143",,,
 KABUPATEN MURUNG RAYA,,Puruk Cahu,,,10,9,116,23700,"103,098",,,
 KABUPATEN BARITO TIMUR,,Tamiang Layang,,,10,3,101,3834,"108,011",,,
 KOTA PALANGKARAYA,,Palangkaraya,,,5,30,,2400,"249,429",,,
,,,,,,,,,,,,
PROVINSI KALIMANTAN SELATAN,,,,,,,,,,,,
 KABUPATEN TANAH LAUT,,Pelaihari,,,11,5,130,3631,"335,677",,,
 KABUPATEN KOTABARU,,Kotabaru,,,21,4,198,9483,"314,598",,,
 KABUPATEN BANJAR,,Martapura,,,19,13,277,4668,"531,708",,,
 KABUPATEN BARITO KUALA,,Marabahan,,,17,6,195,2996,"303,193",,,
 KABUPATEN TAPIN,,Rantau,,,12,9,126,2701,"170,826",,,
 KABUPATEN HULU SUNGAI SELATAN,,Kandangan,,,11,4,144,1805,"205,830",,,
 KABUPATEN HULU SUNGAI TENGAH,,Berabai,,,11,8,161,1472,"246,222",,,
 KABUPATEN HULU SUNGAI UTARA,,Amuntai,,,10,5,212,893,"216,466",,,
 KABUPATEN TABALONG,,Tanjung,,,12,9,122,3767,"230,847",,,
 KABUPATEN TANAH BUMBU,,Batulicin,,,10,5,145,5007,"305,633",,,
 KABUPATEN BALANGAN,,Paringin,,,8,3,154,1878,"121,429",,,
 KOTA BANJARMASIN,,Banjarmasin,,,5,52,,72,"635,688",,,
 KOTA BANJARBARU,,Banjarbaru,,,5,20,,371,"216,600",,,
,,,,,,,,,,,,
PROVINSI KALIMANTAN TIMUR,,,,,,,,,,,,
 KABUPATEN PASER,,Tana Paser,,,10,5,139,7731,"240,043",,,
 KABUPATEN KUTAI KARTANEGARA,,Tenggarong,,,18,44,193,23602,"651,816",,,
 KABUPATEN BERAU,,Tanjung Redeb,,,13,10,97,21240,"207,515",,,
 KABUPATEN KUTAI BARAT,,Sendawar,,,16,4,190,20382,"155,997",,,
 KABUPATEN KUTAI TIMUR,,Sanggatta,,,18,1,134,35748,"412,459",,,
 KABUPATEN PENAJAM PASER UTARA,,Penajam,,,4,24,30,3333,"156,413",,,
 KABUPATEN MAHAKAM ULU,,Long Bagun,,,5,,50,15315,"24,341",,,
 KOTA BALIKPAPAN,,Balikpapan,,,6,34,,527,"597,625",,,
 KOTA SAMARINDA,,Samarinda,,,10,59,,783,"752,845",,,
 KOTA BONTANG,,Bontang,,,3,15,,407,"161,356",,,
,,,,,,,,,,,,
PROVINSI KALIMANTAN UTARA,,,,,,,,,,,,
 KABUPATEN BULUNGAN,,Tanjung Selor,,,10,7,74,13926,"125,781",,,
 KABUPATEN MALINAU,,Malinau,,,15,,109,42621,"71,351",,,
 KABUPATEN NUNUKAN,,Nunukan,,,16,8,232,13842,"168,412",,,
 KABUPATEN TANA TIDUNG,,Tideng Pale,,,5,,32,4829,"20,828",,,
 KOTA TARAKAN,,Tarakan,,,4,20,,250.8,"198,133",,,
,,,,,,,,,,,,
Sulawesi Utara,,,,,,,,,,,,
 KABUPATEN BOLAANG MONGONDOW,,Lolak,,,15,2,200,"2,871.65","242,678",ANDRI,,
 KABUPATEN MINAHASA,,Tondano,,,25,43,227,"1,114.87","331,647",ANDRI,,
 KABUPATEN KEPULAUAN SANGIHE,,Tahuna,,,15,22,145,461.11,"140,420",ANDRI,,
 KABUPATEN KEPULAUAN TALAUD,,Melongguane,,,19,11,142,"1,240.40","98,508",ANDRI,,
 KABUPATEN MINAHASA SELATAN,,Amurang,,,17,10,152,"1,409.97","230,436",ANDRI,,
 KABUPATEN MINAHASA UTARA,,Air Madidi,,,10,6,126,918.49,"215,285",IDA,,
 KABUPATEN MINAHASA TENGGARA,,Ratahan,,,12,9,135,710.83,"115,834",IDA,,
 KABUPATEN BOLAANG MONGONDOW UT,,Boroko,,,6,1,106,"1,680.00","83,706",IDA,,
 KABUPATEN kepulauan SIAU TAGULANDANG B,,Ondong Siau,,,10,10,83,275.86,"70,487",IDA,,
 KABUPATEN BOLAANG MONGONDOW TI,,Tutuyan,,,5,,81,910.18,"81,973",IDA,,
 KABUPATEN BOLAANG MONGONDOW SE,,Bolaang Uki,,,5,,81,"1,615.86","64,801",IDA,,
 KOTA MANADO,,Manado,,,11,87,,157.27,"461,636",IDA,,
 KOTA BITUNG,,Bitung,,,8,69,,302.89,"218,520",IDA,,
 KOTA TOMOHON,,Tomohon,,,5,44,,114.2,"96,411",IDA,,
 KOTA KOTAMOBAGU,,Kotamobagu,,,4,18,12,68.06,"120,597",IDA,,
,,,,,,,,,,,,
Sulawesi Tengah,,,,,,,,,,,,
 KABUPATEN BANGGAI,,Luwuk,,,23,46,291,"9,672.70","355,415",DITA / ANDRI,,
 KABUPATEN POSO,,Poso,,,19,23,143,"7,112.25","238,400",ANDRI,,
 KABUPATEN DONGGALA,,Donggala,,,16,9,158,"4,275.08","288,686",ANDRI,,
 KABUPATEN TOLI TOLI,,Toli Toli,,,10,5,99,"4,079.77","208,489",ANDRI,,
 KABUPATEN BUOL,,Buol,,,11,7,108,"4,043.57","122,551",ANDRI,,
 KABUPATEN MOROWALI,,Bungku,,,9,7,126,"3,037.04","119,607",EKO2,,
 KABUPATEN BANGGAI KEPULAUAN,,Salakan,,,12,3,141,"2,488.79","111,412",EKO2,,
 KABUPATEN PARIGI MOUTONG,,Parigi,,,23,5,278,"5,089.91","439,799",EKO2,,
 KABUPATEN TOJO UNA UNA,,Ampana,,,12,12,134,"5,721.15","150,464",EKO2,,
 KABUPATEN SIGI,,Sigi Biromaru,,,15,,176,"5,196.02","241,173",EKO2,,
 KABUPATEN BANGGAI LAUT,,Banggai,,,7,3,63,725.67,"66,020",ELBERT,,
 KABUPATEN MOROWALI UTARA,,Petasia,,,9,3,122,"10,004.28","107,452",ELBERT,,
 KOTA PALU,,Palu,,,8,45,,395.06,"359,350",ELBERT,,
,,,,,,,,,,,,
Sulawesi Selatan,,,,,,,,,,,,
 KABUPATEN KEPULAUAN SELAYAR,,Benteng,,,11,7,81,"1,357.03","133,529",BONA,,
 KABUPATEN BULUKUMBA,,Bulukumba,,,10,27,109,"1,284.63","434,731",BONA,,
 KABUPATEN BANTAENG,,Bantaeng,,,8,21,46,395.83,"192,568",BONA,,
 KABUPATEN JENEPONTO,,Jeneponto,,,11,31,82,706.52,"405,493",BONA,,
 KABUPATEN TAKALAR,,Takalar,,,9,24,76,566.61,"281,020",BONA,,
 KABUPATEN GOWA,,Sunggu Minahasa,,,18,45,122,"1,883.32","746,735",BONA,,
 KABUPATEN SINJAI,,Sinjai,,,9,13,67,798.96,"255,535",DITA2,,
 KABUPATEN BONE,,Watampone,,,27,44,328,"4,559.00","858,933",DITA2,,
 KABUPATEN MAROS,,Maros,,,14,23,80,"1,619.12","395,081",DITA2,,
 KABUPATEN PANGKAJENE KEPULAUAN,,Pangkep,,,13,38,65,"1,132.08","358,042",DITA2,,
 KABUPATEN BARRU,,Barru,,,7,15,40,"1,174.71","168,746",DITA2,,
 KABUPATEN SOPPENG,,Watan Soppeng,,,8,21,49,"1,557.00","251,519",DITA2,,
 KABUPATEN WAJO,,Sengkang,,,14,48,142,"2,504.06","475,610",DITA2,,
 KABUPATEN SIDENRENG RAPPANG,,Sidenreng,,,11,38,68,"1,883.23","317,691",DITA2,,
 KABUPATEN PINRANG,,Pinrang,,,12,39,69,"1,961.67","407,057",ELBERT2,,
 KABUPATEN ENREKANG,,Enrekang,,,12,17,112,"1,784.93","236,850",ELBERT2,,
 KABUPATEN LUWU,,Belopa,,,22,20,207,"3,343.97","370,954",ELBERT2,,
 KABUPATEN TANA TORAJA,,Makale,,,19,47,113,"1,990.22","279,292",ELBERT2,LEMBANG,https://www.wikidata.org/wiki/Q12494403
 KABUPATEN LUWU UTARA,,Masamba,,,12,7,166,"7,502.58","352,845",ELBERT2,,
 KABUPATEN LUWU TIMUR,,Malili,,,11,3,124,"6,944.88","290,727",ELBERT2,,
 KABUPATEN TORAJA UTARA,,Rantepao,,,21,44,107,"1,215.55","233,894",ELBERT2,LEMBANG,https://www.wikidata.org/wiki/Q12494403
 KOTA MAKASSAR,,Makassar,,,14,143,,199.26,"1,651,146",EKO2,,
 KOTA PARE PARE,,Pare Pare,,,4,22,,99.33,"175,040",EKO2,,
 KOTA PALOPO,,Palopo,,,9,48,,252.99,"180,130",EKO2,,
,,,,,,,,,,,,
Sulawesi Tenggara,,,,,,,,,,,,
 KABUPATEN KOLAKA,,Kolaka,,,12,35,100,"3,283.59","204,044",,,
 KABUPATEN KONAWE,,Unaaha,,,23,57,241,"4,435.28","249,920",,,
 KABUPATEN MUNA,,Raha,,,22,26,125,"1,922.16","223,982",,,
 KABUPATEN BUTON,,Pasar Wajo,,,7,12,83,"1,212.99","113,450",,,
 KABUPATEN KONAWE SELATAN,,Andoolo,,,22,15,341,"5,779.47","302,989",,,
 KABUPATEN BOMBANA,,Rumbia,,,22,22,117,"3,001.00","133,553",,,
 KABUPATEN WAKATOBI,,Wangi Wangi,,,8,26,76,559.54,"107,898",,,
 KABUPATEN KOLAKA UTARA,,Lasusua,,,15,6,127,"3,391.67","131,623",,,
 KABUPATEN KONAWE UTARA,,Wanggudu,,,10,11,135,"5,101.76","65,116",,,
 KABUPATEN BUTON UTARA,,Buranga,,,6,12,78,"1,864.91","58,753",,,
 KABUPATEN KOLAKA TIMUR,,Tirawuta,,,12,16,117,"3,634.74","103,856",,,
 KABUPATEN KONAWE KEPULAUAN,,Wawonii Barat,,,7,7,72,867.58,"33,429",,,
 KABUPATEN MUNA BARAT,,Sawerigadi,,,11,5,81,"1,022.89","78,233",,,
 KABUPATEN BUTON TENGAH,,Lakudo,,,7,10,67,958.31,"112,045",,,
 KABUPATEN BUTON SELATAN,,Batauga,,,7,10,60,509.92,"92,664",,,
 KOTA KENDARI,,Kendari,,,10,64,,300.89,"331,013",,,
 KOTA BAU BAU,,Bau Bau,,,8,43,,221,"152,143",,,
,,,,,,,,,,,,
Gorontalo,,,,,,,,,,,,
 KABUPATEN GORONTALO,,Gorontalo,,,19,14,191,"1,750.83","387,079",,,
 KABUPATEN BOALEMO,,Tilamuta,,,7,,82,"1,521.88","141,796",,,
 KABUPATEN BONE BOLANGO,,Suwawa,,,18,5,160,"1,984.31","157,215",,,
 KABUPATEN PAHUWATO,,Marisa,,,13,3,101,"4,244.31","136,448",,,
 KABUPATEN GORONTALO UTARA,,Kwandang,,,11,,123,"1,676.15","122,124",,,
 KOTA GORONTALO,,Gorontalo,,,9,50,,79.59,"191,897",,,
,,,,,,,,,,,,
Sulawesi Barat,,,,,,,,,,,,
 KABUPATEN MAMUJU UTARA,,Pasangkayu,,,12,4,59,"3,043.75","205,774",,,
 KABUPATEN MAMUJU,,Mamuju,,,11,11,89,"4,999.69","290,672",,,
 KABUPATEN MAMASA,,Mamasa,,,17,13,168,"3,005.88","200,977",,,
 KABUPATEN POLEWALI MANDAR,,Polewali,,,16,23,144,"1,775.65","513,180",,,
 KABUPATEN MAJENE,,Majene,,,8,20,62,947.84,"164,107",,,
 KABUPATEN MAMUJU TENGAH,,Tobadak,,,5,,54,"3,014.37","143,590",,,
,,,,,,,,,,,,
Maluku,,,,,,,,,,,,
 KABUPATEN MALUKU TENGAH,,Masohi,,,18,6,186,"7,953.81","418,510",ELBERT,,
 KABUPATEN MALUKU TENGGARA,,Langgur,,,11,1,190,"1,031.81","119,289",ELBERT,,
 KAB MALUKU TENGGARA BARAT,,Saumlaki,,,10,1,80,"4,465.79","119,517",ELBERT,,
 KABUPATEN BURU,,Namlea,,,10,,82,"4,932.32","128,720",ELBERT,,
 KABUPATEN SERAM BAGIAN TIMUR,,Dataran Hunimoa,,,15,,192,"6,429.88","125,684",EKO,,
 KABUPATEN SERAM BAGIAN BARAT,,Dataran Hunipopu,,,11,,92,"5,033.38","203,221",EKO,,
 KABUPATEN KEPULAUAN ARU,,Dobo,,,10,2,117,"8,152.42","100,766",EKO,,
 KABUPATEN MALUKU BARAT DAYA,,Tiakur,,,17,,117,"4,581.06","57,723",EKO,,
 KABUPATEN BURU SELATAN,,Namrole,,,6,,79,"3,780.56","71,409",ELBERT2,,
 KOTA AMBON,,Ambon,,,5,20,30,298.61,"372,249",ELBERT2,,
 KOTA TUAL,,Tual,,,5,3,26,254.39,"82,955",ELBERT2,,
,,,,,,,,,,,,
Maluku Utara,,,,,,,,,,,,
 KABUPATEN HALMAHERA BARAT,,Ternate,,,8,,170,"1,704.20","130,137",IDA,,
 KABUPATEN HALMAHERA TENGAH,,Weda,,,8,,61,"2,653.76","48,666",IDA,,
 KABUPATEN HALMAHERA UTARA,,Tobelo,,,17,,196,"3,896.90","186,299",IDA,,
 KABUPATEN HALMAHERA SELATAN,,Labuha,,,30,,248,"8,148.90","242,352",IDA,,
 KABUPATEN KEPULAUAN SULA,,Sanana,,,12,,78,"3,304.32","122,726",IDA,,
 KABUPATEN HALMAHERA TIMUR,,Maba,,,10,,102,"6,571.37","76,353",IDA,,
 KABUPATEN PULAU MOROTAI,,Morotai Selatan,,,5,,88,"2,476.00","63,033",ELBERT2,,
 KABUPATEN PULAU TALIABU,,Taliabu Barat,,,8,,71,"1,469.93","61,376",ELBERT2,,
 KOTA TERNATE,,Ternate,,,7,77,,111.39,"213,274",ELBERT2,,
 KOTA TIDORE KEPULAUAN,,Kota Tidore Kepula,,,8,40,49,"1,645.73","103,171",ELBERT2,,
,,,,,,,,,,,,
Papua,,,,,,,,,,,,
 KABUPATEN MERAUKE,,Merauke,,,20,11,181,"44,071.00","219,438",NISA,,
 KABUPATEN JAYAWIJAYA,,Wamena,,,40,4,328,"7,030.66","262,909",NISA,,
 KABUPATEN JAYAPURA,,Jayapura,,,19,5,139,"11,157.15","162,199",NISA,,
 KABUPATEN NABIRE,,Nabire,,,15,9,72,"11,112.61","163,390",NISA,,
 KABUPATEN KEPULAUAN YAPEN,,Serui,,,14,5,160,"2,050.00","106,827",NISA,,
 KABUPATEN BIAK NUMFOR,,Biak,,,19,14,254,"2,602.00","138,401",NISA,,
 KABUPATEN PUNCAK JAYA,,Kota Mulia,,,26,,302,"4,989.51","205,302",FAJRIN,,
 KABUPATEN PANIAI,,Enarotali,,,10,5,77,"6,525.25","109,436",FAJRIN,,
 KABUPATEN MIMIKA,,Timika,,,18,19,133,"21,633.00","303,376",FAJRIN,,
 KABUPATEN SARMI,,Sarmi,,,10,2,92,"17,742.00","35,543",FAJRIN,,
 KABUPATEN KEEROM,,Waris,,,7,,91,"8,390.00","57,736",FAJRIN,,
 KAB PEGUNUNGAN BINTANG,,Oksibil,,,34,,277,"15,682.00","103,467",FAJRIN,,
 KABUPATEN YAHUKIMO,,Sumohai,,,51,1,510,"17,152.00","309,807",EKO2,,
 KABUPATEN TOLIKARA,,Karubaga,,,46,4,541,"5,588.13","226,524",EKO2,,
 KABUPATEN WAROPEN,,Botawa,,,11,,100,"10,977.09","31,400",EKO2,,
 KABUPATEN BOVEN DIGOEL,,Tanah Merah,,,20,,112,"27,108.00","52,527",DIMAS,,
 KABUPATEN MAPPI,,Kepi,,,15,2,162,"24,118.00","100,182",DIMAS,,
 KABUPATEN ASMAT,,Agats,,,19,,221,"31,983.69","101,086",DIMAS,,
 KABUPATEN SUPIORI,,Sorendiweri,,,5,,38,678.32,"20,112",DIMAS,,
 KABUPATEN MAMBERAMO RAYA,,Burmeso,,,8,,69,"23,813.91","33,272",DIMAS,,
 KABUPATEN MAMBERAMO TENGAH,,Kobakma,,,5,,59,"1,275.00","43,209",DIMAS,,
 KABUPATEN YALIMO,,Elelim,,,5,,299,"1,253.00","82,476",DIMAS,,
 KABUPATEN LANNY JAYA,,Tiom,,,39,1,354,"2,248.00","109,763",DIMAS,,
 KABUPATEN NDUGA,,Kenyam,,,32,,248,"2,168.00","103,373",DIMAS,,
 KABUPATEN PUNCAK,,Ilaga,,,8,,80,"8,055.00","148,823",DIMAS,,
 KABUPATEN DOGIYAI,,Kigamani,,,10,,79,"4,237.40","109,961",,,
 KABUPATEN INTAN JAYA,,Sugapa,,,8,,97,"3,922.02","88,463",,,
 KABUPATEN DEIYAI,,Tigi,,,5,,30,537.39,"46,109",,,
 KOTA JAYAPURA,,Jayapura,,,5,25,13,935.92,"413,283",,,
,,,,,,,,,,,,
Papua Barat,,,,,,,,,,,,
 KABUPATEN SORONG,,Sorong,,,17,18,115,"6,544.23","120,956",FAJRIN,,
 KABUPATEN MANOKWARI,,Manokwari,,,9,9,165,"3,186.28","190,337",FAJRIN,,
 KABUPATEN FAK FAK,,Fak Fak,,,17,7,142,"11,036","83,072",FAJRIN,,
 KABUPATEN SORONG SELATAN,,Teminabuan,,,13,2,121,"6,594","58,717",FAJRIN,,
 KABUPATEN RAJA AMPAT,,Waisai,,,24,4,117,"8,034","61,582",FAJRIN,,
 KABUPATEN TELUK BINTUNI,,Bintuni,,,24,2,115,"20,841","75,410",FAJRIN,,
 KABUPATEN TELUK WONDAMA,,Rasiei,,,13,1,76,"3,960","39,879",FAJRIN,,
 KABUPATEN KAIMANA,,Kaimana,,,7,2,84,"16,242","60,082",EKO2,,
 KABUPATEN TAMBRAUW,,Fef,,,29,,211,"11,529","20,212",EKO2,,
 KABUPATEN MAYBRAT,,Aifat,,,24,1,259,"5,462","22,156",ELBERT2,,
 KABUPATEN MANOKWARI SELATAN,,Ransiki,,,6,,57,"2,812","28,933",ELBERT2,,
 KABUPATEN PEGUNUNGAN ARFAK,,Anggi,,,10,,166,"2,774","35,813",ELBERT2,,
 KOTA SORONG,,Sorong,,,10,41,,657,"272,349",ELBERT2,,
